timestamp,arming_state,nav_state,x,y,z,vx,vy,vz,target_x,target_y,target_z,stage
1782658843527323,-1,-1,-0.045814756,-0.019326176,0.0236765,-0.002865381,-0.012566248,0.00393639,0.0,0.0,-2.0,warmup
1782658843577387,1,4,-0.04662567,-0.017818531,0.023366734,-0.0032891256,-0.0110948365,0.003751959,0.0,0.0,-2.0,warmup
1782658843627329,1,4,-0.047332104,-0.016422255,0.022959113,-0.0036694442,-0.009815964,0.0036954558,0.0,0.0,-2.0,warmup
1782658843677650,1,4,-0.04784485,-0.015113569,0.022472337,-0.0037093563,-0.0084834015,0.0033745395,0.0,0.0,-2.0,warmup
1782658843727302,1,4,-0.04806918,-0.013663208,0.021715373,-0.0035080942,-0.007153208,0.0031625885,0.0,0.0,-2.0,warmup
1782658843777334,1,4,-0.04797949,-0.0124952905,0.020886466,-0.0031844038,-0.0061980938,0.0029178944,0.0,0.0,-2.0,warmup
1782658843827396,1,4,-0.047733136,-0.011538519,0.020082504,-0.0027004392,-0.0055505326,0.0027467117,0.0,0.0,-2.0,warmup
1782658843877405,1,4,-0.04738587,-0.010823587,0.01933454,-0.0021579827,-0.0051242653,0.002552686,0.0,0.0,-2.0,warmup
1782658843927694,1,4,-0.04684283,-0.010288504,0.01867637,-0.0016380653,-0.004671905,0.0025371762,0.0,0.0,-2.0,warmup
1782658843977702,1,4,-0.046157334,-0.009975612,0.018383205,-0.0009467611,-0.0044975043,0.00248989,0.0,0.0,-2.0,warmup
1782658844027360,1,4,-0.04526068,-0.009717682,0.018296987,-0.0003424035,-0.004290046,0.002519147,0.0,0.0,-2.0,warmup
1782658844077501,1,4,-0.044278644,-0.0095178755,0.018157974,0.0005220287,-0.0042195134,0.0024872269,0.0,0.0,-2.0,warmup
1782658844127626,1,4,-0.04289705,-0.0092846,0.017953917,0.0016183645,-0.004120555,0.0025720375,0.0,0.0,-2.0,warmup
1782658844177636,1,4,-0.041574195,-0.009101561,0.017736599,0.00256744,-0.003979111,0.0027249407,0.0,0.0,-2.0,warmup
1782658844227294,1,4,-0.040216334,-0.009012173,0.01752843,0.0037079242,-0.004096735,0.002703074,0.0,0.0,-2.0,warmup
1782658844277456,1,4,-0.038883884,-0.008955212,0.017371222,0.0045591956,-0.0039845076,0.0026277832,0.0,0.0,-2.0,warmup
1782658844327434,1,4,-0.037379738,-0.008954014,0.017356917,0.005579682,-0.003974576,0.0028397467,0.0,0.0,-2.0,warmup
1782658844377619,1,4,-0.03600201,-0.0089551415,0.017217815,0.0065380353,-0.003954526,0.0028371175,0.0,0.0,-2.0,warmup
1782658844427323,1,4,-0.03454836,-0.008896284,0.016902268,0.007615208,-0.0038542387,0.002827144,0.0,0.0,-2.0,warmup
1782658844477584,1,4,-0.033230297,-0.008854275,0.016386837,0.008616767,-0.0037813773,0.0027820235,0.0,0.0,-2.0,warmup
1782658844527326,1,4,-0.031881463,-0.008739329,0.015575573,0.009565081,-0.0034378606,0.0024996884,0.0,0.0,-2.0,warmup
1782658844577534,1,4,-0.03078421,-0.008576415,0.0148436725,0.010339009,-0.0032714498,0.0023649072,0.0,0.0,-2.0,warmup
1782658844627355,1,4,-0.02969093,-0.008367745,0.014127925,0.011030538,-0.0030400623,0.0022236996,0.0,0.0,-2.0,warmup
1782658844677536,1,4,-0.028506357,-0.00812175,0.013406545,0.0117623005,-0.0028897,0.0019376876,0.0,0.0,-2.0,warmup
1782658844727678,1,4,-0.026945857,-0.0078087565,0.012506664,0.012656049,-0.0026585625,0.0018282582,0.0,0.0,-2.0,warmup
1782658844777395,1,4,-0.025560083,-0.007526391,0.011686772,0.013473756,-0.0023595695,0.0014721039,0.0,0.0,-2.0,warmup
1782658844827334,1,4,-0.024184903,-0.0072935824,0.010976434,0.0143185705,-0.002084798,0.0013106924,0.0,0.0,-2.0,warmup
1782658844877391,1,4,-0.022905681,-0.0071366467,0.01035668,0.014949142,-0.0019480706,0.0012109422,0.0,0.0,-2.0,warmup
1782658844927311,1,4,-0.021530269,-0.007110034,0.009696826,0.015450829,-0.0020943605,0.0009665751,0.0,0.0,-2.0,warmup
1782658844977549,1,4,-0.020491261,-0.007145424,0.009225786,0.015906163,-0.0021602283,0.0005269658,0.0,0.0,-2.0,warmup
1782658845027318,1,4,-0.019662904,-0.0071074963,0.008719206,0.015911851,-0.0021881773,0.00038248455,0.0,0.0,-2.0,warmup
1782658845077542,1,4,-0.01896027,-0.0070441435,0.008193344,0.015879633,-0.0020448095,0.00018783557,0.0,0.0,-2.0,warmup
1782658845127520,1,4,-0.018297525,-0.007059989,0.007603526,0.015984928,-0.0019198047,-3.5914774e-05,0.0,0.0,-2.0,warmup
1782658845177332,1,4,-0.017768089,-0.0070961285,0.007030502,0.015989233,-0.0018510623,-0.00019651276,0.0,0.0,-2.0,warmup
1782658845227380,1,4,-0.017341333,-0.0070447237,0.0064365715,0.015952205,-0.0017819667,-0.00036602197,0.0,0.0,-2.0,warmup
1782658845277409,1,4,-0.017064905,-0.0068375864,0.005866468,0.015761986,-0.001326807,-0.0006262215,0.0,0.0,-2.0,warmup
1782658845327503,1,4,-0.016975638,-0.006426051,0.0052432567,0.015524327,-0.0007756044,-0.0009510397,0.0,0.0,-2.0,warmup
1782658845377462,1,4,-0.017055456,-0.0059536803,0.004671812,0.0150686875,-0.00015562205,-0.0010621381,0.0,0.0,-2.0,warmup
1782658845427356,1,4,-0.017210353,-0.005389934,0.0039991736,0.014764427,0.0004450234,-0.0013327057,0.0,0.0,-2.0,warmup
1782658845477386,1,4,-0.017474981,-0.004757386,0.003142774,0.014235923,0.0010731586,-0.0015991596,0.0,0.0,-2.0,warmup
1782658845527405,1,4,-0.017904066,-0.0039201197,0.0019146204,0.013480524,0.0018701181,-0.0021383609,0.0,0.0,-2.0,warmup
1782658845577412,2,4,-0.018412143,-0.0030816155,0.00070795417,0.013103363,0.0026740697,-0.0026324163,0.0,0.0,-2.0,arming
1782658845627430,2,4,-0.01898386,-0.002271402,-0.00059117377,0.012509939,0.0032653604,-0.0030091058,0.0,0.0,-2.0,arming
1782658845677389,2,4,-0.019605402,-0.0014251019,-0.0018796623,0.012027246,0.0039313114,-0.003447859,0.0,0.0,-2.0,arming
1782658845727437,2,4,-0.020209173,-0.00044024884,-0.0032954663,0.011435454,0.0049915393,-0.0038641132,0.0,0.0,-2.0,arming
1782658845777732,2,4,-0.020729741,0.0003093555,-0.0044048578,0.010984536,0.005632943,-0.0041237418,0.0,0.0,-2.0,arming
1782658845827317,2,4,-0.021319062,0.00097933,-0.0052901953,0.010507554,0.006266091,-0.0043101828,0.0,0.0,-2.0,arming
1782658845877413,2,4,-0.021929648,0.0016240667,-0.0059383214,0.009986048,0.006654248,-0.004419795,0.0,0.0,-2.0,arming
1782658845927423,2,4,-0.02273303,0.0024260907,-0.0065567344,0.009413421,0.0073712687,-0.0044557885,0.0,0.0,-2.0,arming
1782658845977324,2,4,-0.023590695,0.0032243142,-0.006856352,0.008922087,0.008009356,-0.0045963433,0.0,0.0,-2.0,arming
1782658846027418,2,4,-0.024563994,0.0040127356,-0.0069612265,0.008198712,0.008599826,-0.0043447544,0.0,0.0,-2.0,arming
1782658846077336,2,14,-0.025674803,0.004834844,-0.006989762,0.007431948,0.009273103,-0.004243533,0.0,0.0,-2.0,offboard
1782658846127343,2,14,-0.02708197,0.0057694647,-0.007030636,0.0065255533,0.009996821,-0.0041802586,0.0,0.0,-2.0,offboard
1782658846177421,2,14,-0.028286908,0.006431905,-0.007101387,0.005711807,0.010463191,-0.004345511,0.0,0.0,-2.0,offboard
1782658846227302,2,14,-0.029376239,0.0069702542,-0.007169962,0.0048845187,0.010867665,-0.0043990533,0.0,0.0,-2.0,offboard
1782658846277365,2,14,-0.030245021,0.0072329096,-0.0073643923,0.004395886,0.010856722,-0.004495986,0.0,0.0,-2.0,offboard
1782658846327281,2,14,-0.030955056,0.007282419,-0.007791981,0.0039218003,0.010775622,-0.004549655,0.0,0.0,-2.0,offboard
1782658846377389,2,14,-0.031430453,0.007134776,-0.008135587,0.0035280199,0.0106176725,-0.0047573186,0.0,0.0,-2.0,offboard
1782658846427348,2,14,-0.031876273,0.006838977,-0.008508265,0.0031822445,0.010316672,-0.0047970368,0.0,0.0,-2.0,offboard
1782658846477403,2,14,-0.032236926,0.0063336315,-0.008820087,0.0028982807,0.0099743735,-0.004847264,0.0,0.0,-2.0,offboard
1782658846527365,2,14,-0.03252364,0.0056000045,-0.009037375,0.0026435181,0.009219257,-0.004803793,0.0,0.0,-2.0,offboard
1782658846577451,2,14,-0.03262345,0.0048594945,-0.009242639,0.0027055992,0.008490579,-0.004622728,0.0,0.0,-2.0,offboard
1782658846627378,2,14,-0.032608453,0.003926927,-0.009466827,0.0027372485,0.007729711,-0.0044704997,0.0,0.0,-2.0,hover
1782658846677481,2,14,-0.032482028,0.0028720926,-0.009724602,0.0029710415,0.007046274,-0.0044539403,0.0,0.0,-2.0,hover
1782658846727382,2,14,-0.032114543,0.0016957211,-0.01000312,0.0034691375,0.0062815784,-0.0042184684,0.0,0.0,-2.0,hover
1782658846777342,2,14,-0.031540923,0.00070372503,-0.010095432,0.004136904,0.0056259884,-0.004162601,0.0,0.0,-2.0,hover
1782658846827343,2,14,-0.03079661,-0.00021296283,-0.010118827,0.00477449,0.004982934,-0.0038950178,0.0,0.0,-2.0,hover
1782658846877578,2,14,-0.030100351,-0.001016023,-0.010138556,0.005358786,0.004673285,-0.0037650957,0.0,0.0,-2.0,hover
1782658846927333,2,14,-0.029414013,-0.0018487655,-0.01008907,0.006006363,0.0042581814,-0.003480126,0.0,0.0,-2.0,hover
1782658846977531,2,14,-0.028907336,-0.0025500085,-0.009997815,0.0063690185,0.0039668763,-0.0033636047,0.0,0.0,-2.0,hover
1782658847027330,2,14,-0.028548902,-0.003429649,-0.009964481,0.006648015,0.0035243074,-0.003278066,0.0,0.0,-2.0,hover
1782658847077641,2,14,-0.02831176,-0.0044649397,-0.009853199,0.006615967,0.003069591,-0.0030147682,0.0,0.0,-2.0,hover
1782658847127455,2,14,-0.028143916,-0.0057355827,-0.009576827,0.006692595,0.002395383,-0.0026232528,0.0,0.0,-2.0,hover
1782658847177496,2,14,-0.027982645,-0.006812171,-0.009470403,0.0067045684,0.001895218,-0.0024132351,0.0,0.0,-2.0,hover
1782658847227336,2,14,-0.02785518,-0.007827759,-0.009435952,0.0065451786,0.0014600365,-0.0021952395,0.0,0.0,-2.0,hover
1782658847277355,2,14,-0.02772275,-0.008694945,-0.009327307,0.0065589543,0.0010610127,-0.0021198879,0.0,0.0,-2.0,hover
1782658847327299,2,14,-0.027624993,-0.009465249,-0.009195641,0.0062195333,0.0007551803,-0.00196925,0.0,0.0,-2.0,hover
1782658847377625,2,14,-0.027606249,-0.009946497,-0.009101272,0.0059451573,0.0005907011,-0.0017511424,0.0,0.0,-2.0,hover
1782658847427423,2,14,-0.02760225,-0.010311916,-0.009028107,0.0056042057,0.00043310196,-0.0016332368,0.0,0.0,-2.0,hover
1782658847477339,2,14,-0.027540162,-0.010670866,-0.00896132,0.005281754,0.00032720514,-0.001540026,0.0,0.0,-2.0,hover
1782658847527319,2,14,-0.027410582,-0.011007924,-0.009003863,0.0049868384,0.00014654071,-0.0014464599,0.0,0.0,-2.0,hover
1782658847577810,2,14,-0.02733118,-0.011134813,-0.009063676,0.004762002,0.00023160834,-0.0013604669,0.0,0.0,-2.0,hover
1782658847627360,2,14,-0.027436474,-0.0109835025,-0.009090409,0.00411648,0.0004644091,-0.0012504081,0.0,0.0,-2.0,hover
1782658847677368,2,14,-0.02763901,-0.010736906,-0.009058312,0.0036724973,0.0009381193,-0.0011794885,0.0,0.0,-2.0,hover
1782658847727377,2,14,-0.027968166,-0.010415272,-0.008914068,0.003149507,0.0012896495,-0.0012547263,0.0,0.0,-2.0,hover
1782658847777608,2,14,-0.028140428,-0.010146845,-0.008825257,0.0027790423,0.0014376827,-0.0012752182,0.0,0.0,-2.0,hover
1782658847827361,2,14,-0.02831222,-0.009871063,-0.008633539,0.0024305999,0.0015710405,-0.0012136975,0.0,0.0,-2.0,hover
1782658847877405,2,14,-0.028582256,-0.0095532825,-0.0083081275,0.0020244361,0.0018923325,-0.0012137892,0.0,0.0,-2.0,hover
1782658847927326,2,14,-0.029055161,-0.009041217,-0.0077168643,0.0015014053,0.0022545534,-0.0009428502,0.0,0.0,-2.0,hover
1782658847977471,2,14,-0.02966954,-0.008409891,-0.0071018636,0.0007412826,0.0025161235,-0.0007383006,0.0,0.0,-2.0,hover
1782658848027320,2,14,-0.030476714,-0.0075764568,-0.0064564794,9.9325756e-05,0.003091015,-0.0004577454,0.0,0.0,-2.0,hover
1782658848077326,2,14,-0.031395134,-0.0065848166,-0.005828172,-0.00084143673,0.0037610657,-0.000120192504,0.0,0.0,-2.0,hover
1782658848127392,2,14,-0.032751635,-0.0053410563,-0.0051061064,-0.002080832,0.0044871317,0.0001179133,0.0,0.0,-2.0,hover
1782658848177815,2,14,-0.034111306,-0.0041695386,-0.00447914,-0.0032123544,0.0052082874,0.00028556856,0.0,0.0,-2.0,hover
1782658848227505,2,14,-0.035602685,-0.0029200367,-0.0038575232,-0.004463286,0.0060252734,0.00046652084,0.0,0.0,-2.0,hover
1782658848277497,2,14,-0.037127767,-0.0016787009,-0.0032197386,-0.0056564854,0.0067512416,0.00048404027,0.0,0.0,-2.0,hover
1782658848327611,2,14,-0.038919516,-0.000440177,-0.0024475753,-0.0071637877,0.007450598,0.00055043376,0.0,0.0,-2.0,hover
1782658848377559,2,14,-0.040382076,0.00040411612,-0.0018874258,-0.008169285,0.007854645,0.00067567616,0.0,0.0,-2.0,hover
1782658848427317,2,14,-0.041865807,0.00096434203,-0.0014654398,-0.009213539,0.007979765,0.00073415454,0.0,0.0,-2.0,hover
1782658848477353,2,14,-0.04335921,0.0012407614,-0.0011978745,-0.010356088,0.007955978,0.0006757071,0.0,0.0,-2.0,hover
1782658848527307,2,14,-0.045022245,0.0012868887,-0.0008890182,-0.011484585,0.007708463,0.00066465966,0.0,0.0,-2.0,hover
1782658848577402,2,14,-0.04629669,0.0011818692,-0.0004900247,-0.012285601,0.0072792424,0.00068645563,0.0,0.0,-2.0,hover
1782658848627386,2,14,-0.047393654,0.0010401593,0.00012607872,-0.013165723,0.006944519,0.0008510898,0.0,0.0,-2.0,hover
1782658848677374,2,14,-0.048305254,0.0009328479,0.0008469522,-0.015452454,0.008211601,0.00088891503,0.0,0.0,-2.0,hover
1782658848727515,2,14,-0.049362656,0.0012199554,0.0015652925,-0.020275358,0.02009462,-0.0041453345,0.0,0.0,-2.0,hover
1782658848777386,2,14,-0.050222293,0.002075702,0.0018379241,-0.019336922,0.030239046,-0.01429515,0.0,0.0,-2.0,hover
1782658848827304,2,14,-0.050977025,0.0033124376,0.0013667494,-0.016063072,0.03198686,-0.034180894,0.0,0.0,-2.0,hover
1782658848877352,2,14,-0.05150503,0.0046829926,-0.0004747659,-0.007575793,0.03243461,-0.07183561,0.0,0.0,-2.0,hover
1782658848927351,2,14,-0.051489502,0.0063609635,-0.005567953,0.008986952,0.032375805,-0.13569605,0.0,0.0,-2.0,hover
1782658848977462,2,14,-0.050489984,0.007883816,-0.013404906,0.028070038,0.031034445,-0.20530897,0.0,0.0,-2.0,hover
1782658849027498,2,14,-0.048255738,0.009324212,-0.025224462,0.05018867,0.028032856,-0.2867367,0.0,0.0,-2.0,hover
1782658849077271,2,14,-0.044560563,0.010564842,-0.04169403,0.07306701,0.02334876,-0.374967,0.0,0.0,-2.0,hover
1782658849127387,2,14,-0.038572967,0.011639551,-0.06658669,0.097994655,0.015846452,-0.46740234,0.0,0.0,-2.0,hover
1782658849177452,2,14,-0.03206177,0.012080007,-0.092357054,0.11697956,0.008119093,-0.5341001,0.0,0.0,-2.0,hover
1782658849227413,2,14,-0.024477897,0.011963783,-0.1214049,0.13310966,-0.00036828546,-0.5898222,0.0,0.0,-2.0,hover
1782658849277547,2,14,-0.015892636,0.011190405,-0.15329461,0.14661574,-0.009692785,-0.6357018,0.0,0.0,-2.0,hover
1782658849327369,2,14,-0.0051058047,0.009585014,-0.19319709,0.1590963,-0.020565653,-0.6886426,0.0,0.0,-2.0,hover
1782658849377764,2,14,0.0045164484,0.00750454,-0.23074685,0.16715212,-0.031207707,-0.7827778,0.0,0.0,-2.0,hover
1782658849427333,2,14,0.014418698,0.004670534,-0.27385253,0.17152494,-0.04154509,-0.9046406,0.0,0.0,-2.0,hover
1782658849477504,2,14,0.024501726,0.0009743744,-0.32249779,0.17116171,-0.049454127,-0.99186224,0.0,0.0,-2.0,hover
1782658849527443,2,14,0.036011875,-0.004170188,-0.38402468,0.16507079,-0.054530233,-1.0510213,0.0,0.0,-2.0,hover
1782658849577692,2,14,0.045323897,-0.009066145,-0.43924862,0.15573679,-0.05472193,-1.0785545,0.0,0.0,-2.0,hover
1782658849627397,2,14,0.053866673,-0.013941831,-0.49532443,0.14343567,-0.05027676,-1.0932816,0.0,0.0,-2.0,hover
1782658849677424,2,14,0.06143721,-0.018447893,-0.55157506,0.12893125,-0.041392956,-1.1000804,0.0,0.0,-2.0,hover
1782658849727333,2,14,0.06900694,-0.022805711,-0.61676925,0.11036051,-0.025532119,-1.1004595,0.0,0.0,-2.0,hover
1782658849777867,2,14,0.07433644,-0.025523111,-0.672028,0.093813434,-0.0081652645,-1.0943627,0.0,0.0,-2.0,hover
1782658849827349,2,14,0.078611135,-0.027122049,-0.72637725,0.07735069,0.011402939,-1.0822216,0.0,0.0,-2.0,hover
1782658849877487,2,14,0.081911676,-0.027432676,-0.77959365,0.061706413,0.032525297,-1.0637214,0.0,0.0,-2.0,hover
1782658849927385,2,14,0.084708095,-0.02604468,-0.8398829,0.044850737,0.057956655,-1.0334789,0.0,0.0,-2.0,hover
1782658849977617,2,14,0.08632618,-0.023229841,-0.8897082,0.03165932,0.07928964,-0.99994653,0.0,0.0,-2.0,hover
1782658850027545,2,14,0.08719745,-0.01889889,-0.9374111,0.019593455,0.09950831,-0.9600843,0.0,0.0,-2.0,hover
1782658850077544,2,14,0.08730879,-0.01321966,-0.9826569,0.008332969,0.11774852,-0.9140159,0.0,0.0,-2.0,hover
1782658850127315,2,14,0.08658399,-0.005087701,-1.0320451,-0.0034886105,0.1359247,-0.8543063,0.0,0.0,-2.0,hover
1782658850177379,2,14,0.08527401,0.0030183692,-1.071521,-0.012903042,0.14842409,-0.7998887,0.0,0.0,-2.0,hover
1782658850227538,2,14,0.08346489,0.011909498,-1.1082067,-0.021647159,0.15743762,-0.7435394,0.0,0.0,-2.0,hover
1782658850277587,2,14,0.081296094,0.021245666,-1.141963,-0.029979562,0.16281904,-0.6868407,0.0,0.0,-2.0,hover
1782658850327310,2,14,0.07850188,0.032340124,-1.1775745,-0.03863697,0.16444257,-0.62240076,0.0,0.0,-2.0,hover
1782658850377498,2,14,0.07589882,0.0419193,-1.2050476,-0.04527571,0.16184723,-0.5703975,0.0,0.0,-2.0,hover
1782658850427316,2,14,0.07325247,0.051347293,-1.2299335,-0.051326916,0.15554357,-0.5223177,0.0,0.0,-2.0,hover
1782658850477623,2,14,0.07081397,0.060525186,-1.2523489,-0.056414276,0.14644809,-0.47930884,0.0,0.0,-2.0,hover
1782658850527447,2,14,0.06817397,0.0706671,-1.275916,-0.061040834,0.13210851,-0.43560636,0.0,0.0,-2.0,hover
1782658850577386,2,14,0.06603737,0.07859778,-1.2944331,-0.06406481,0.116740204,-0.40409112,0.0,0.0,-2.0,hover
1782658850627610,2,14,0.06414558,0.085564196,-1.3116496,-0.06625238,0.09885221,-0.37788722,0.0,0.0,-2.0,hover
1782658850677379,2,14,0.062321533,0.09135913,-1.3278699,-0.06763427,0.07895043,-0.35618514,0.0,0.0,-2.0,hover
1782658850727324,2,14,0.060410883,0.096371375,-1.3457747,-0.06852452,0.0534001,-0.33564726,0.0,0.0,-2.0,hover
1782658850777377,2,14,0.059006285,0.0991619,-1.3604065,-0.06843433,0.030231452,-0.32143143,0.0,0.0,-2.0,hover
1782658850827365,2,14,0.057867482,0.10040393,-1.3745892,-0.06766481,0.0063557513,-0.30943784,0.0,0.0,-2.0,hover
1782658850877417,2,14,0.05680161,0.10012688,-1.3885045,-0.06646308,-0.017639183,-0.299211,0.0,0.0,-2.0,hover
1782658850927306,2,14,0.055641636,0.09795019,-1.4043901,-0.06480065,-0.04484252,-0.28836516,0.0,0.0,-2.0,hover
1782658850977465,2,14,0.05453752,0.0945924,-1.4177833,-0.063300274,-0.067130625,-0.28004697,0.0,0.0,-2.0,hover
1782658851027362,2,14,0.053334553,0.08980372,-1.4310368,-0.061995447,-0.0881938,-0.27252206,0.0,0.0,-2.0,hover
1782658851077457,2,14,0.052036013,0.0837746,-1.4440416,-0.06086128,-0.10744794,-0.265036,0.0,0.0,-2.0,hover
1782658851127327,2,14,0.050356485,0.07537134,-1.4588151,-0.059894357,-0.12734091,-0.25652936,0.0,0.0,-2.0,hover
1782658851177398,2,14,0.04868607,0.06736316,-1.4710317,-0.059470452,-0.14157638,-0.24919006,0.0,0.0,-2.0,hover
1782658851227391,2,14,0.04676325,0.0589049,-1.4828953,-0.059583068,-0.15275335,-0.2420951,0.0,0.0,-2.0,hover
1782658851277369,2,14,0.04466621,0.05013039,-1.4944602,-0.059728067,-0.16098282,-0.23501694,0.0,0.0,-2.0,hover
1782658851327440,2,14,0.04199685,0.03956444,-1.5073504,-0.060156133,-0.16703331,-0.22667298,0.0,0.0,-2.0,hover
1782658851377519,2,14,0.03951992,0.030439021,-1.5178161,-0.060891718,-0.16929942,-0.22010072,0.0,0.0,-2.0,hover
1782658851427300,2,14,0.03679616,0.02140334,-1.5276893,-0.061781302,-0.16904184,-0.21341631,0.0,0.0,-2.0,hover
1782658851477492,2,14,0.033675183,0.012590295,-1.5370957,-0.06292107,-0.16646835,-0.20722444,0.0,0.0,-2.0,hover
1782658851527415,2,14,0.029316667,0.0027866247,-1.5475109,-0.064567424,-0.16057959,-0.20081076,0.0,0.0,-2.0,hover
1782658851577505,2,14,0.025144797,-0.005216458,-1.5559858,-0.06626619,-0.15361977,-0.19565861,0.0,0.0,-2.0,hover
1782658851627555,2,14,0.020748971,-0.012752184,-1.564093,-0.06781078,-0.14502287,-0.1911044,0.0,0.0,-2.0,hover
1782658851677398,2,14,0.01623497,-0.019579837,-1.5718398,-0.06902676,-0.13511634,-0.18709385,0.0,0.0,-2.0,hover
1782658851727340,2,14,0.010848343,-0.026567157,-1.5805339,-0.070007145,-0.1221438,-0.18306908,0.0,0.0,-2.0,hover
1782658851777645,2,14,0.0061890385,-0.031566717,-1.5878367,-0.07033626,-0.109872535,-0.17994879,0.0,0.0,-2.0,hover
1782658851827502,2,14,0.001691689,-0.035599805,-1.5951006,-0.06986481,-0.09692662,-0.17712998,0.0,0.0,-2.0,hover
1782658851877482,2,14,-0.0025884896,-0.03870602,-1.6023177,-0.06889298,-0.083554536,-0.17477602,0.0,0.0,-2.0,hover
1782658851927455,2,14,-0.0073165107,-0.041262243,-1.610731,-0.06651479,-0.06805441,-0.17217825,0.0,0.0,-2.0,hover
1782658851977827,2,14,-0.011109762,-0.042564817,-1.6179675,-0.06377393,-0.054882653,-0.1700895,0.0,0.0,-2.0,hover
1782658852027334,2,14,-0.014637709,-0.04321053,-1.6252568,-0.060661413,-0.042420313,-0.16803831,0.0,0.0,-2.0,hover
1782658852077917,2,14,-0.017726533,-0.043346435,-1.6326792,-0.056765217,-0.030610716,-0.16613597,0.0,0.0,-2.0,hover
1782658852127315,2,14,-0.020675188,-0.04297644,-1.6414601,-0.05167845,-0.018375687,-0.16353469,0.0,0.0,-2.0,hover
1782658852177550,2,14,-0.022659738,-0.042277504,-1.6489815,-0.046762574,-0.008857736,-0.16146165,0.0,0.0,-2.0,hover
1782658852227497,2,14,-0.02433202,-0.04111366,-1.6564456,-0.041876588,-0.00037435052,-0.15897138,0.0,0.0,-2.0,hover
1782658852277900,2,14,-0.025706226,-0.039513383,-1.663881,-0.03687168,0.0071240175,-0.15638648,0.0,0.0,-2.0,hover
1782658852327312,2,14,-0.026947344,-0.037157625,-1.6725152,-0.031138936,0.014553016,-0.1533436,0.0,0.0,-2.0,hover
1782658852377416,2,14,-0.027732806,-0.034714717,-1.67988,-0.0263254,0.020114996,-0.1505988,0.0,0.0,-2.0,hover
1782658852427483,2,14,-0.028214496,-0.031983454,-1.6870944,-0.02171102,0.024513781,-0.14776608,0.0,0.0,-2.0,hover
1782658852477414,2,14,-0.028334001,-0.029074082,-1.693957,-0.01697298,0.028158339,-0.1447234,0.0,0.0,-2.0,hover
1782658852527562,2,14,-0.028215215,-0.025721613,-1.7016371,-0.011736681,0.03097593,-0.14101803,0.0,0.0,-2.0,hover
1782658852577803,2,14,-0.028001938,-0.022831999,-1.7078307,-0.007640184,0.032578543,-0.1379538,0.0,0.0,-2.0,hover
1782658852627342,2,14,-0.027669806,-0.019911116,-1.7137519,-0.0037661728,0.03349729,-0.13496216,0.0,0.0,-2.0,hover
1782658852677453,2,14,-0.027067972,-0.016925907,-1.7195038,-7.031228e-05,0.033859033,-0.13207008,0.0,0.0,-2.0,hover
1782658852727401,2,14,-0.02601982,-0.013413781,-1.726086,0.0039418256,0.033836454,-0.12907761,0.0,0.0,-2.0,hover
1782658852777493,2,14,-0.02484634,-0.01047238,-1.7316208,0.0071024615,0.033232626,-0.1264326,0.0,0.0,-2.0,hover
1782658852827564,2,14,-0.023529265,-0.0075731897,-1.7370006,0.009874999,0.032421466,-0.12391582,0.0,0.0,-2.0,hover
1782658852877610,2,14,-0.022252642,-0.0046978747,-1.7423114,0.0122109605,0.03130618,-0.12174294,0.0,0.0,-2.0,hover
1782658852927294,2,14,-0.020907473,-0.0014470678,-1.7482928,0.014362455,0.029537616,-0.11920829,0.0,0.0,-2.0,hover
1782658852977462,2,14,-0.019931613,0.0011720199,-1.7533172,0.0156769,0.027902272,-0.1172566,0.0,0.0,-2.0,hover
1782658853027349,2,14,-0.019147394,0.003614388,-1.7582995,0.016340237,0.026148716,-0.11497041,0.0,0.0,-2.0,hover
1782658853077379,2,14,-0.018703787,0.0056723766,-1.7633493,0.016596807,0.023911208,-0.11314673,0.0,0.0,-2.0,hover
1782658853127547,2,14,-0.018413557,0.007568088,-1.7694098,0.016361555,0.020939225,-0.11093014,0.0,0.0,-2.0,hover
1782658853177499,2,14,-0.018166278,0.008663194,-1.7747841,0.016116528,0.017967522,-0.109080136,0.0,0.0,-2.0,hover
1782658853227361,2,14,-0.017900253,0.009324787,-1.7803488,0.0157501,0.014872587,-0.10700953,0.0,0.0,-2.0,hover
1782658853277792,2,14,-0.017524157,0.009469807,-1.7861636,0.015451132,0.011614365,-0.10482238,0.0,0.0,-2.0,hover
1782658853327343,2,14,-0.016965678,0.0091176,-1.7930105,0.01536561,0.007625832,-0.10203517,0.0,0.0,-2.0,hover
1782658853377362,2,14,-0.016389437,0.008423251,-1.7988391,0.015385281,0.004287762,-0.09938537,0.0,0.0,-2.0,hover
1782658853427353,2,14,-0.015846103,0.007456902,-1.8045497,0.015116189,0.001163792,-0.096512735,0.0,0.0,-2.0,hover
1782658853477690,2,14,-0.015490776,0.006382517,-1.8100841,0.014852411,-0.0014145316,-0.093343556,0.0,0.0,-2.0,hover
1782658853527318,2,14,-0.015463744,0.005070205,-1.8162553,0.0141484,-0.0039298125,-0.089741625,0.0,0.0,-2.0,hover
1782658853577529,2,14,-0.01574152,0.003938424,-1.8213606,0.013262757,-0.0055421004,-0.08660548,0.0,0.0,-2.0,hover
1782658853627458,2,14,-0.016329939,0.0028547475,-1.8262556,0.012095153,-0.0068726996,-0.08353177,0.0,0.0,-2.0,hover
1782658853677476,2,14,-0.017177457,0.0018831464,-1.830931,0.010860453,-0.007581945,-0.08062434,0.0,0.0,-2.0,hover
1782658853727392,2,14,-0.018440165,0.00085908803,-1.8362005,0.0091624735,-0.007880414,-0.07716165,0.0,0.0,-2.0,hover
1782658853777564,2,14,-0.01960966,-6.880286e-05,-1.8404553,0.0077733984,-0.00790711,-0.07453968,0.0,0.0,-2.0,hover
1782658853827352,2,14,-0.020915316,-0.0010201976,-1.8444469,0.006575573,-0.007768082,-0.07181527,0.0,0.0,-2.0,hover
1782658853877466,2,14,-0.02229295,-0.001893168,-1.8482203,0.0055025844,-0.0074003567,-0.06930912,0.0,0.0,-2.0,hover
1782658853927349,2,14,-0.023996595,-0.0027992448,-1.8523691,0.00397983,-0.0069201454,-0.06667842,0.0,0.0,-2.0,hover
1782658853977665,2,14,-0.025612269,-0.0035340574,-1.8557079,0.0030411754,-0.006370046,-0.06447374,0.0,0.0,-2.0,hover
1782658854027539,2,14,-0.02738479,-0.004241236,-1.8589034,0.0020686425,-0.005762123,-0.06257683,0.0,0.0,-2.0,hover
1782658854077562,2,14,-0.02910555,-0.004826794,-1.8619459,0.0014355024,-0.004869894,-0.060929958,0.0,0.0,-2.0,hover
1782658854127364,2,14,-0.031089198,-0.0054334486,-1.8652918,0.0008321799,-0.0040474953,-0.058996752,0.0,0.0,-2.0,hover
1782658854177821,2,14,-0.03275653,-0.0059321276,-1.8681095,0.0005807635,-0.003221844,-0.05771784,0.0,0.0,-2.0,hover
1782658854228001,2,14,-0.03443519,-0.0064868224,-1.8706961,0.00026290957,-0.0026655588,-0.056313407,0.0,0.0,-2.0,hover
1782658854277576,2,14,-0.036022656,-0.0072115576,-1.8730545,0.00043934432,-0.0021512262,-0.055003054,0.0,0.0,-2.0,hover
1782658854327430,2,14,-0.037622817,-0.008409087,-1.8755362,0.0010664813,-0.002013111,-0.05377926,0.0,0.0,-2.0,hover
1782658854377427,2,14,-0.03880887,-0.009605045,-1.8776736,0.0018121635,-0.0021020242,-0.052891217,0.0,0.0,-2.0,hover
1782658854427368,2,14,-0.039859213,-0.01106141,-1.8798537,0.0026794234,-0.0025034691,-0.052165136,0.0,0.0,-2.0,hover
1782658854477599,2,14,-0.040646568,-0.012609513,-1.8820548,0.003742126,-0.0029502905,-0.051650047,0.0,0.0,-2.0,hover
1782658854527342,2,14,-0.041073542,-0.014498867,-1.8845434,0.0054005557,-0.003521929,-0.050948698,0.0,0.0,-2.0,hover
1782658854577468,2,14,-0.041040186,-0.016117489,-1.8867171,0.007091138,-0.0037823159,-0.050555125,0.0,0.0,-2.0,hover
1782658854627383,2,14,-0.04068052,-0.017736748,-1.8888447,0.00909128,-0.0039660805,-0.04991094,0.0,0.0,-2.0,hover
1782658854677512,2,14,-0.04005028,-0.019294158,-1.890928,0.011224767,-0.0039114193,-0.04947111,0.0,0.0,-2.0,hover
1782658854727368,2,14,-0.0389843,-0.0212118,-1.8935206,0.013976918,-0.0038437431,-0.048831604,0.0,0.0,-2.0,hover
1782658854777335,2,14,-0.03798319,-0.023016293,-1.8959122,0.016143886,-0.003742028,-0.048202246,0.0,0.0,-2.0,hover
1782658854827446,2,14,-0.036943942,-0.024935713,-1.8984499,0.018018274,-0.0035152778,-0.047679424,0.0,0.0,-2.0,hover
1782658854877517,2,14,-0.035860643,-0.026843619,-1.9010031,0.019704662,-0.003208636,-0.046762776,0.0,0.0,-2.0,hover
1782658854927356,2,14,-0.034581576,-0.029005174,-1.9039233,0.021362547,-0.0026158222,-0.045673143,0.0,0.0,-2.0,hover
1782658854977382,2,14,-0.033492897,-0.030773595,-1.906384,0.02269215,-0.0018014481,-0.04461334,0.0,0.0,-2.0,hover
1782658855027313,2,14,-0.032447726,-0.03235139,-1.9087384,0.023508744,-0.0010343485,-0.043537308,0.0,0.0,-2.0,hover
1782658855077571,2,14,-0.03151772,-0.033691734,-1.9110603,0.024121135,0.0002836611,-0.042522296,0.0,0.0,-2.0,hover
1782658855127287,2,14,-0.030601708,-0.03491045,-1.9137342,0.024345515,0.0021121833,-0.04119405,0.0,0.0,-2.0,hover
1782658855177455,2,14,-0.029936234,-0.035762474,-1.9160783,0.024538502,0.003633455,-0.039960694,0.0,0.0,-2.0,hover
1782658855227526,2,14,-0.029272567,-0.036575682,-1.9183004,0.02455634,0.005493558,-0.03871748,0.0,0.0,-2.0,hover
1782658855277380,2,14,-0.028523555,-0.037352312,-1.9204111,0.024614166,0.0072231255,-0.037567236,0.0,0.0,-2.0,hover
1782658855327355,2,14,-0.027539857,-0.03807663,-1.9227579,0.024909722,0.009218713,-0.0361775,0.0,0.0,-2.0,hover
1782658855377522,2,14,-0.026593363,-0.03845796,-1.9245644,0.025249865,0.0110823205,-0.03502391,0.0,0.0,-2.0,hover
1782658855427312,2,14,-0.025567753,-0.038601834,-1.9262476,0.025399318,0.0129024945,-0.03380049,0.0,0.0,-2.0,hover
1782658855477547,2,14,-0.024521327,-0.038511768,-1.9278815,0.025503233,0.014832724,-0.032792073,0.0,0.0,-2.0,hover
1782658855527504,2,14,-0.023293337,-0.03816392,-1.9297142,0.025343183,0.016954156,-0.031950403,0.0,0.0,-2.0,hover
1782658855577670,2,14,-0.022173086,-0.037672024,-1.9312944,0.025221251,0.018869119,-0.031372122,0.0,0.0,-2.0,hover
1782658855627373,2,14,-0.021007763,-0.03707758,-1.9328599,0.02522786,0.02069629,-0.030674074,0.0,0.0,-2.0,hover
1782658855677561,2,14,-0.019905897,-0.036491625,-1.9344728,0.024954095,0.022258978,-0.030000623,0.0,0.0,-2.0,hover
1782658855727367,2,14,-0.018637756,-0.03591188,-1.9362733,0.02461919,0.023625202,-0.029077824,0.0,0.0,-2.0,hover
1782658855777404,2,14,-0.017473575,-0.035502702,-1.9376259,0.024357922,0.024583913,-0.028268043,0.0,0.0,-2.0,hover
1782658855827497,2,14,-0.016210217,-0.035020497,-1.9388623,0.02416481,0.025421211,-0.027404623,0.0,0.0,-2.0,hover
1782658855877405,2,14,-0.014922922,-0.034506746,-1.9400299,0.023876162,0.026125522,-0.026894953,0.0,0.0,-2.0,hover
1782658855927305,2,14,-0.01335036,-0.03386795,-1.9412925,0.023276692,0.026868612,-0.026068188,0.0,0.0,-2.0,hover
1782658855977392,2,14,-0.01198605,-0.03329351,-1.9423554,0.023003567,0.02728974,-0.025800424,0.0,0.0,-2.0,hover
1782658856027740,2,14,-0.01067034,-0.032680113,-1.9435184,0.022594469,0.027656354,-0.02533753,0.0,0.0,-2.0,hover
1782658856077642,2,14,-0.009463879,-0.031930972,-1.9448278,0.021873772,0.028057601,-0.024933355,0.0,0.0,-2.0,hover
1782658856127319,2,14,-0.008279215,-0.030919943,-1.94642,0.020745333,0.028365398,-0.024538767,0.0,0.0,-2.0,hover
1782658856177370,2,14,-0.007488629,-0.029940093,-1.9477651,0.019693425,0.028600799,-0.024151273,0.0,0.0,-2.0,hover
1782658856227350,2,14,-0.006761094,-0.02881891,-1.9491346,0.018480543,0.029028274,-0.023668515,0.0,0.0,-2.0,hover
1782658856277418,2,14,-0.0060616327,-0.027448608,-1.9506857,0.017324101,0.029467842,-0.023240497,0.0,0.0,-2.0,hover
1782658856327331,2,14,-0.005200715,-0.025553754,-1.9525754,0.015927263,0.030003378,-0.022486115,0.0,0.0,-2.0,hover
1782658856377564,2,14,-0.0044495836,-0.023708057,-1.9541564,0.014823821,0.030453406,-0.02185633,0.0,0.0,-2.0,hover
1782658856427329,2,14,-0.0037425426,-0.02164977,-1.9556272,0.013823216,0.031074425,-0.020971095,0.0,0.0,-2.0,hover
1782658856477791,2,14,-0.0030672713,-0.019445607,-1.9570334,0.012780416,0.03149522,-0.020055309,0.0,0.0,-2.0,hover
1782658856527455,2,14,-0.002301107,-0.016686367,-1.9588094,0.011625851,0.03186311,-0.019225042,0.0,0.0,-2.0,hover
1782658856579687,2,14,-0.0018975448,-0.01460682,-1.9601538,0.010826233,0.032212928,-0.01849597,0.0,0.0,-2.0,hover
1782658856627630,2,14,-0.0017039296,-0.01161033,-1.9620469,0.009374391,0.032425553,-0.017400898,0.0,0.0,-2.0,hover
1782658856677403,2,14,-0.0018249039,-0.008905576,-1.9637485,0.007953995,0.032370914,-0.016483605,0.0,0.0,-2.0,hover
1782658856727443,2,14,-0.0022667435,-0.005698058,-1.9656763,0.006058846,0.032430094,-0.01535554,0.0,0.0,-2.0,hover
1782658856777470,2,14,-0.0028705155,-0.0029357579,-1.9670875,0.004401442,0.03236375,-0.014132639,0.0,0.0,-2.0,hover
1782658856827466,2,14,-0.003724993,-0.00019030404,-1.968348,0.0025455474,0.031962186,-0.012989172,0.0,0.0,-2.0,hover
1782658856877488,2,14,-0.004771802,0.0024851982,-1.9694779,0.00092062063,0.03120359,-0.011801768,0.0,0.0,-2.0,hover
1782658856927580,2,14,-0.006037266,0.005400076,-1.9705601,-0.00073043717,0.0300751,-0.010662022,0.0,0.0,-2.0,hover
1782658856977483,2,14,-0.007043487,0.007631314,-1.9713185,-0.0019365026,0.028689727,-0.009842059,0.0,0.0,-2.0,hover
1782658857027478,2,14,-0.008016522,0.009608933,-1.9718115,-0.0030325884,0.027095897,-0.008898176,0.0,0.0,-2.0,hover
1782658857077806,2,14,-0.008998989,0.01129496,-1.9720399,-0.003855905,0.025233548,-0.008305763,0.0,0.0,-2.0,hover
1782658857127542,2,14,-0.010194282,0.012848729,-1.9721203,-0.0046059713,0.022653159,-0.007728036,0.0,0.0,-2.0,hover
1782658857177357,2,14,-0.011207296,0.013894013,-1.9720051,-0.0049614096,0.020295657,-0.007705392,0.0,0.0,-2.0,hover
1782658857227321,2,14,-0.012249406,0.014621003,-1.9717083,-0.005188938,0.017750626,-0.007822049,0.0,0.0,-2.0,hover
1782658857277491,2,14,-0.013279388,0.015093916,-1.9714346,-0.005382902,0.015233351,-0.008021897,0.0,0.0,-2.0,hover
1782658857327311,2,14,-0.014500455,0.01516157,-1.9710302,-0.0052807676,0.011938461,-0.008529997,0.0,0.0,-2.0,hover
1782658857377504,2,14,-0.015535981,0.0148593625,-1.9705813,-0.0050038532,0.009044245,-0.009090522,0.0,0.0,-2.0,hover
1782658857427507,2,14,-0.016616266,0.014311428,-1.9701016,-0.0047449297,0.0062725553,-0.009573997,0.0,0.0,-2.0,hover
1782658857477360,2,14,-0.017697487,0.013605514,-1.969677,-0.0043060444,0.0033939674,-0.0103781475,0.0,0.0,-2.0,hover
1782658857527359,2,14,-0.018908896,0.0125798015,-1.9692881,-0.0037651474,0.00046964252,-0.011439563,0.0,0.0,-2.0,hover
1782658857577524,2,14,-0.01976514,0.011567817,-1.9690635,-0.0030836975,-0.0018600833,-0.012258709,0.0,0.0,-2.0,hover
1782658857627520,2,14,-0.02041293,0.010424447,-1.9689813,-0.0020067599,-0.004048503,-0.012989084,0.0,0.0,-2.0,hover
1782658857677619,2,14,-0.021032503,0.009134469,-1.9690912,-0.0011654644,-0.0060378704,-0.013754967,0.0,0.0,-2.0,hover
1782658857727516,2,14,-0.021728301,0.007529407,-1.9694798,-6.261212e-05,-0.007894911,-0.014560562,0.0,0.0,-2.0,hover
1782658857777993,2,14,-0.02223414,0.0061944216,-1.9699385,0.0006166283,-0.009291385,-0.015081271,0.0,0.0,-2.0,hover
1782658857827435,2,14,-0.022612592,0.0049086693,-1.9704564,0.0016789271,-0.010294924,-0.015451738,0.0,0.0,-2.0,hover
1782658857877529,2,14,-0.022960028,0.0036999593,-1.9710841,0.0028080842,-0.010979145,-0.015499432,0.0,0.0,-2.0,hover
1782658857927631,2,14,-0.023495391,0.0023870955,-1.9720247,0.0038799986,-0.011343945,-0.01551825,0.0,0.0,-2.0,hover
1782658857977464,2,14,-0.023984918,0.001375352,-1.9728382,0.0046701045,-0.011391113,-0.015329478,0.0,0.0,-2.0,hover
1782658858027498,2,14,-0.024459323,0.00045642076,-1.9735699,0.005421516,-0.011154873,-0.015031507,0.0,0.0,-2.0,hover
1782658858077643,2,14,-0.024867753,-0.00039832195,-1.9742255,0.0062376685,-0.0108372355,-0.014795345,0.0,0.0,-2.0,hover
1782658858127499,2,14,-0.025349831,-0.0014250266,-1.9750135,0.007099174,-0.01036673,-0.014430622,0.0,0.0,-2.0,hover
1782658858177536,2,14,-0.025802048,-0.0024055177,-1.9756844,0.007750234,-0.010081602,-0.013934943,0.0,0.0,-2.0,hover
1782658858227411,2,14,-0.026276624,-0.0034605379,-1.9764454,0.008380501,-0.00966457,-0.0135287335,0.0,0.0,-2.0,hover
1782658858277762,2,14,-0.02672193,-0.004624183,-1.9774592,0.008826228,-0.00922813,-0.013453261,0.0,0.0,-2.0,hover
1782658858327359,2,14,-0.027238028,-0.0058857678,-1.978883,0.009448885,-0.008562129,-0.013019211,0.0,0.0,-2.0,hover
1782658858377370,2,14,-0.02774166,-0.006851905,-1.9802539,0.009842797,-0.008065015,-0.0125620775,0.0,0.0,-2.0,hover
1782658858427377,2,14,-0.028261784,-0.0077710343,-1.98172,0.0102336705,-0.007510043,-0.01172934,0.0,0.0,-2.0,hover
1782658858477495,2,14,-0.028604154,-0.008751824,-1.9832492,0.010737649,-0.007012206,-0.010931918,0.0,0.0,-2.0,hover
1782658858527397,2,14,-0.028567383,-0.010031313,-1.9849834,0.0117813125,-0.00642838,-0.00958659,0.0,0.0,-2.0,hover
1782658858577413,2,14,-0.028202362,-0.011332173,-1.9863405,0.012897752,-0.0061392705,-0.008377939,0.0,0.0,-2.0,hover
1782658858627404,2,14,-0.02750616,-0.012739096,-1.9876308,0.013945698,-0.005735873,-0.0070878747,0.0,0.0,-2.0,hover
1782658858677359,2,18,-0.026468882,-0.014155786,-1.9888172,0.015118442,-0.005545259,-0.005916534,0.0,0.0,-2.0,landing
1782658858727368,2,18,-0.024978276,-0.01577522,-1.9900422,0.01649544,-0.0050195497,-0.0025849768,0.0,0.0,-2.0,landing
1782658858777413,2,18,-0.023562178,-0.017222235,-1.9906976,0.017603522,-0.0046703373,0.0122732,0.0,0.0,-2.0,landing
1782658858827333,2,18,-0.022005325,-0.01864809,-1.9903181,0.018712552,-0.0044021346,0.035355445,0.0,0.0,-2.0,landing
1782658858877336,2,18,-0.020378808,-0.019944413,-1.9884324,0.019133149,-0.0039204047,0.06517331,0.0,0.0,-2.0,landing
1782658858927434,2,18,-0.018445205,-0.021246446,-1.9842246,0.019283533,-0.0032734557,0.09957164,0.0,0.0,-2.0,landing
1782658858977370,2,18,-0.016815662,-0.02229071,-1.9778025,0.019153645,-0.0029779894,0.1670957,0.0,0.0,-2.0,landing
1782658859027324,2,18,-0.01526935,-0.023374254,-1.9674721,0.01865995,-0.0025798995,0.23207882,0.0,0.0,-2.0,landing
1782658859077405,2,18,-0.013767496,-0.024426013,-1.9535165,0.017913524,-0.0020677054,0.2892545,0.0,0.0,-2.0,landing
1782658859127442,2,18,-0.01215844,-0.025418567,-1.934658,0.016666733,-0.001396526,0.32917985,0.0,0.0,-2.0,landing
1782658859177400,2,18,-0.011005183,-0.026030391,-1.9146113,0.015629398,-0.0008081939,0.43203938,0.0,0.0,-2.0,landing
1782658859227311,2,18,-0.009922524,-0.026528087,-1.8894291,0.014189378,-0.00018284407,0.5023486,0.0,0.0,-2.0,landing
1782658859277357,2,18,-0.008859774,-0.027082404,-1.861202,0.012808344,0.0005436955,0.5730202,0.0,0.0,-2.0,landing
1782658859327303,2,18,-0.0076025045,-0.0277347,-1.8236556,0.011059151,0.0011545575,0.61405814,0.0,0.0,-2.0,landing
1782658859377326,2,18,-0.006503899,-0.028278124,-1.7903686,0.00968391,0.0017008098,0.6456908,0.0,0.0,-2.0,landing
1782658859427379,2,18,-0.0054804515,-0.028926278,-1.7554761,0.0081140185,0.0021440762,0.64153314,0.0,0.0,-2.0,landing
1782658859477384,2,18,-0.0045808805,-0.029708788,-1.7217728,0.006242021,0.002387641,0.6006346,0.0,0.0,-2.0,landing
1782658859527375,2,18,-0.0038269975,-0.0307369,-1.6882042,0.0037113158,0.0025087108,0.4907584,0.0,0.0,-2.0,landing
1782658859577445,2,18,-0.0032856707,-0.03166254,-1.662445,0.0020115513,0.00264534,0.50582033,0.0,0.0,-2.0,landing
1782658859627378,2,18,-0.0027408919,-0.032458153,-1.6360924,0.00041900366,0.0026098704,0.5077841,0.0,0.0,-2.0,landing
1782658859677536,2,18,-0.002172623,-0.03317698,-1.6106751,-0.0010253884,0.0029576551,0.4824399,0.0,0.0,-2.0,landing
1782658859727475,2,18,-0.0015794542,-0.033946127,-1.5854759,-0.0025187202,0.003325894,0.397367,0.0,0.0,-2.0,landing
1782658859777733,2,18,-0.0010492028,-0.034500256,-1.5651411,-0.0032771637,0.0036322288,0.4456243,0.0,0.0,-2.0,landing
1782658859827329,2,18,-0.00054368813,-0.0349189,-1.5423284,-0.0038377156,0.0039851037,0.47396153,0.0,0.0,-2.0,landing
1782658859877568,2,18,2.150828e-05,-0.03510525,-1.518755,-0.0042401245,0.0044088676,0.5210434,0.0,0.0,-2.0,landing
1782658859927308,2,18,0.00062115135,-0.034977216,-1.487524,-0.004917098,0.0054330686,0.55183136,0.0,0.0,-2.0,landing
1782658859977415,2,18,0.0009733951,-0.03461533,-1.4599341,-0.0054234806,0.00632631,0.5868586,0.0,0.0,-2.0,landing
1782658860027305,2,18,0.001177207,-0.033887014,-1.430141,-0.0061271437,0.0075829397,0.5949947,0.0,0.0,-2.0,landing
1782658860078037,2,18,0.0013628609,-0.032736827,-1.4004076,-0.0068949237,0.009025039,0.62275404,0.0,0.0,-2.0,landing
1782658860127376,2,18,0.0016717553,-0.031020578,-1.3633603,-0.0077549894,0.01114536,0.6351709,0.0,0.0,-2.0,landing
1782658860177575,2,18,0.0019194131,-0.029423948,-1.3318672,-0.008298966,0.012744246,0.65634036,0.0,0.0,-2.0,landing
1782658860227487,2,18,0.002247115,-0.027741857,-1.2990174,-0.008867173,0.014036557,0.65346336,0.0,0.0,-2.0,landing
1782658860277629,2,18,0.002746795,-0.02609263,-1.2670529,-0.009314873,0.015340889,0.62176085,0.0,0.0,-2.0,landing
1782658860327402,2,18,0.0035203863,-0.024132019,-1.2347807,-0.009560303,0.01670757,0.5274787,0.0,0.0,-2.0,landing
1782658860377650,2,18,0.0043661054,-0.022455195,-1.209018,-0.009382449,0.017569223,0.57055837,0.0,0.0,-2.0,landing
1782658860427353,2,18,0.0054036807,-0.020828975,-1.1809899,-0.00901931,0.018087761,0.5958353,0.0,0.0,-2.0,landing
1782658860477823,2,18,0.0065483963,-0.019279763,-1.1522385,-0.008528936,0.018502956,0.64009905,0.0,0.0,-2.0,landing
1782658860527360,2,18,0.008042906,-0.017492326,-1.1145495,-0.007911374,0.018604888,0.6960477,0.0,0.0,-2.0,landing
1782658860577380,2,18,0.009278126,-0.015929287,-1.0800331,-0.0075179,0.01841646,0.73714715,0.0,0.0,-2.0,landing
1782658860627586,2,18,0.010299805,-0.014359655,-1.0433073,-0.007556824,0.018021824,0.73338145,0.0,0.0,-2.0,landing
1782658860677579,2,18,0.01123515,-0.012780064,-1.0071652,-0.007884763,0.017569691,0.74595803,0.0,0.0,-2.0,landing
1782658860727402,2,18,0.012290775,-0.010874655,-0.9636821,-0.008290288,0.016999459,0.74254996,0.0,0.0,-2.0,landing
1782658860777757,2,18,0.013075956,-0.009240952,-0.92733496,-0.008789727,0.016478697,0.7516029,0.0,0.0,-2.0,landing
1782658860827370,2,18,0.013806991,-0.0075851395,-0.88976675,-0.009314086,0.01575669,0.7655313,0.0,0.0,-2.0,landing
1782658860877787,2,18,0.014414572,-0.0058856704,-0.8522082,-0.010238414,0.014963169,0.7360896,0.0,0.0,-2.0,landing
1782658860927326,2,18,0.014887148,-0.0038726407,-0.8134758,-0.01186121,0.0137895765,0.6276603,0.0,0.0,-2.0,landing
1782658860977540,2,18,0.015067947,-0.0021704463,-0.7826243,-0.012803706,0.013248568,0.6542856,0.0,0.0,-2.0,landing
1782658861027333,2,18,0.015024127,-0.0005300013,-0.75022006,-0.014133142,0.0125556,0.6736514,0.0,0.0,-2.0,landing
1782658861077359,2,18,0.014753004,0.0009959602,-0.71830875,-0.015606205,0.0115262875,0.6454979,0.0,0.0,-2.0,landing
1782658861127579,2,18,0.013986609,0.002800789,-0.6852355,-0.017907988,0.010013148,0.55862385,0.0,0.0,-2.0,landing
1782658861177380,2,18,0.013039843,0.004258933,-0.6579676,-0.019434152,0.009291209,0.60931623,0.0,0.0,-2.0,landing
1782658861227584,2,18,0.011929452,0.005604044,-0.6279414,-0.020888545,0.0082664285,0.64014465,0.0,0.0,-2.0,landing
1782658861277813,2,18,0.0106841475,0.0068604066,-0.59736717,-0.022598872,0.007074669,0.63444805,0.0,0.0,-2.0,landing
1782658861327365,2,18,0.0091111595,0.008043004,-0.56489,-0.024426734,0.005063291,0.55917275,0.0,0.0,-2.0,landing
1782658861377485,2,18,0.007729279,0.008803884,-0.5375306,-0.02549587,0.0036993746,0.61932665,0.0,0.0,-2.0,landing
1782658861427349,2,18,0.006297481,0.009324923,-0.5068657,-0.026396668,0.0020218678,0.6573654,0.0,0.0,-2.0,landing
1782658861477605,2,18,0.0048574107,0.00964651,-0.4747656,-0.02706113,0.00038665783,0.7104316,0.0,0.0,-2.0,landing
1782658861527439,2,18,0.0031908012,0.009826781,-0.43292665,-0.02777254,-0.0016772576,0.74289113,0.0,0.0,-2.0,landing
1782658861577415,2,18,0.0015831698,0.00979785,-0.39608294,-0.0283776,-0.0035946951,0.77568686,0.0,0.0,-2.0,landing
1782658861627383,2,18,-0.00018007951,0.009575827,-0.35704452,-0.028822837,-0.005610509,0.77966344,0.0,0.0,-2.0,landing
1782658861677434,2,18,-0.002053309,0.009172009,-0.31817967,-0.029184848,-0.0074500567,0.80058956,0.0,0.0,-2.0,landing
